,airdragon_team100,assistsplayer_1,assistsplayer_10,assistsplayer_2,assistsplayer_3,assistsplayer_4,assistsplayer_5,assistsplayer_6,assistsplayer_7,assistsplayer_8,assistsplayer_9,baron_team100,baron_team200,chemtechdragon_team100,chemtechdragon_team200,currentGold_1,currentGold_10,currentGold_2,currentGold_3,currentGold_4,currentGold_5,currentGold_6,currentGold_7,currentGold_8,currentGold_9,deathsplayer_1,deathsplayer_10,deathsplayer_2,deathsplayer_3,deathsplayer_4,deathsplayer_5,deathsplayer_6,deathsplayer_7,deathsplayer_8,deathsplayer_9,dragon_team100,dragon_team200,earthdragon_team100,earthdragon_team200,firedragon_team100,firedragon_team200,gameDuration,gameEndTimestamp,gameId,gameMode,gameName,gameStartTimestamp,gameType,gameVersion,goldPerSecond_1,goldPerSecond_10,goldPerSecond_2,goldPerSecond_3,goldPerSecond_4,goldPerSecond_5,goldPerSecond_6,goldPerSecond_7,goldPerSecond_8,goldPerSecond_9,hextechdragon_team100,hextechdragon_team200,inhibs_lost_team100,inhibs_lost_team200,jungleMinionsKilled_1,jungleMinionsKilled_10,jungleMinionsKilled_2,jungleMinionsKilled_3,jungleMinionsKilled_4,jungleMinionsKilled_5,jungleMinionsKilled_6,jungleMinionsKilled_7,jungleMinionsKilled_8,jungleMinionsKilled_9,killsplayer_0,killsplayer_1,killsplayer_10,killsplayer_2,killsplayer_3,killsplayer_4,killsplayer_5,killsplayer_6,killsplayer_7,killsplayer_8,killsplayer_9,level_1,level_10,level_2,level_3,level_4,level_5,level_6,level_7,level_8,level_9,magicDamageDoneToChampions_1,magicDamageDoneToChampions_10,magicDamageDoneToChampions_2,magicDamageDoneToChampions_3,magicDamageDoneToChampions_4,magicDamageDoneToChampions_5,magicDamageDoneToChampions_6,magicDamageDoneToChampions_7,magicDamageDoneToChampions_8,magicDamageDoneToChampions_9,matchId,minionsKilled_1,minionsKilled_10,minionsKilled_2,minionsKilled_3,minionsKilled_4,minionsKilled_5,minionsKilled_6,minionsKilled_7,minionsKilled_8,minionsKilled_9,physicalDamageDoneToChampions_1,physicalDamageDoneToChampions_10,physicalDamageDoneToChampions_2,physicalDamageDoneToChampions_3,physicalDamageDoneToChampions_4,physicalDamageDoneToChampions_5,physicalDamageDoneToChampions_6,physicalDamageDoneToChampions_7,physicalDamageDoneToChampions_8,physicalDamageDoneToChampions_9,queueId,riftherald_team100,riftherald_team200,riftherald_team300,timeEnemySpentControlled_1,timeEnemySpentControlled_10,timeEnemySpentControlled_2,timeEnemySpentControlled_3,timeEnemySpentControlled_4,timeEnemySpentControlled_5,timeEnemySpentControlled_6,timeEnemySpentControlled_7,timeEnemySpentControlled_8,timeEnemySpentControlled_9,timestamp,totalDamageDoneToChampions_1,totalDamageDoneToChampions_10,totalDamageDoneToChampions_2,totalDamageDoneToChampions_3,totalDamageDoneToChampions_4,totalDamageDoneToChampions_5,totalDamageDoneToChampions_6,totalDamageDoneToChampions_7,totalDamageDoneToChampions_8,totalDamageDoneToChampions_9,totalGold_1,totalGold_10,totalGold_2,totalGold_3,totalGold_4,totalGold_5,totalGold_6,totalGold_7,totalGold_8,totalGold_9,towers_lost_team100,towers_lost_team200,trueDamageDoneToChampions_1,trueDamageDoneToChampions_10,trueDamageDoneToChampions_2,trueDamageDoneToChampions_3,trueDamageDoneToChampions_4,trueDamageDoneToChampions_5,trueDamageDoneToChampions_6,trueDamageDoneToChampions_7,trueDamageDoneToChampions_8,trueDamageDoneToChampions_9,ward_player_0,ward_player_1,ward_player_10,ward_player_2,ward_player_3,ward_player_4,ward_player_5,ward_player_6,ward_player_7,ward_player_8,ward_player_9,waterdragon_team100,winningTeam,xp_1,xp_10,xp_2,xp_3,xp_4,xp_5,xp_6,xp_7,xp_8,xp_9,waterdragon_team200,airdragon_team200
0,0.0,2.0,5.0,0.0,2.0,3.0,10.0,0.0,3.0,2.0,1.0,0.0,1.0,1.0,1.0,720.0,70.0,494.0,383.0,1255.0,721.0,797.0,-69.0,412.0,484.0,2.0,7.0,2.0,3.0,3.0,4.0,5.0,1.0,0.0,7.0,2.0,2.0,0.0,1.0,0.0,0.0,1681,1637427884537,4110434630,CLASSIC,teambuilder-match-4110434630,1637426203210,MATCHED_GAME,11.23.409.111,0.0,30.0,0.0,0.0,0.0,30.0,0.0,0.0,0.0,0.0,1.0,0.0,1.0,0.0,0.0,0.0,107.0,0.0,4.0,0.0,8.0,87.0,0.0,4.0,0.0,4.0,0.0,1.0,5.0,10.0,0.0,1.0,3.0,6.0,4.0,11.0,7.0,10.0,9.0,10.0,7.0,10.0,10.0,12.0,8.0,2380.0,1000.0,0.0,3544.0,410.0,3050.0,871.0,1617.0,996.0,9338.0,NA1_4110434630,100.0,19.0,13.0,74.0,127.0,22.0,97.0,5.0,152.0,109.0,5928.0,1097.0,1317.0,25.0,12205.0,856.0,4955.0,812.0,4465.0,257.0,420,1.0,1.0,0.0,436477.0,16910.0,32637.0,43959.0,107883.0,183652.0,76225.0,306352.0,43176.0,39894.0,900322.0,8309.0,2548.0,1872.0,3596.0,14223.0,4271.0,6006.0,2628.0,5554.0,9855.0,6420.0,3520.0,5234.0,5323.0,8950.0,4186.0,5297.0,6621.0,9036.0,5669.0,9.0,5.0,0.0,450.0,555.0,26.0,1606.0,364.0,180.0,198.0,92.0,259.0,12.0,7.0,22.0,3.0,10.0,12.0,23.0,8.0,5.0,7.0,4.0,0.0,200.0,8318.0,3993.0,6507.0,6115.0,6528.0,3903.0,6288.0,6278.0,8847.0,4759.0,,
1,0.0,1.0,4.0,3.0,1.0,2.0,3.0,3.0,3.0,2.0,4.0,0.0,1.0,0.0,,305.0,1304.0,129.0,106.0,1801.0,1364.0,654.0,2262.0,351.0,265.0,3.0,4.0,3.0,5.0,7.0,2.0,3.0,0.0,3.0,3.0,0.0,4.0,0.0,0.0,0.0,1.0,1674,1637209470591,4107564740,CLASSIC,teambuilder-match-4107564740,1637207795666,MATCHED_GAME,11.23.409.111,0.0,30.0,0.0,0.0,0.0,30.0,0.0,0.0,0.0,0.0,,2.0,2.0,0.0,0.0,0.0,59.0,0.0,0.0,0.0,0.0,91.0,4.0,0.0,0.0,5.0,6.0,2.0,2.0,2.0,2.0,2.0,7.0,2.0,3.0,11.0,9.0,9.0,9.0,8.0,8.0,11.0,11.0,10.0,9.0,1881.0,6816.0,196.0,2546.0,377.0,7630.0,1059.0,185.0,5809.0,1207.0,NA1_4107564740,133.0,43.0,27.0,73.0,79.0,23.0,107.0,5.0,97.0,75.0,9148.0,507.0,2966.0,378.0,4242.0,322.0,5547.0,6956.0,616.0,3717.0,420,2.0,,0.0,78394.0,16065.0,220249.0,58247.0,54779.0,118138.0,209963.0,193527.0,79447.0,0.0,900329.0,11030.0,7570.0,3320.0,3222.0,4619.0,8336.0,6607.0,7487.0,6425.0,5054.0,7955.0,6539.0,5914.0,4546.0,5176.0,5313.0,5549.0,7237.0,5616.0,5588.0,10.0,3.0,0.0,246.0,157.0,298.0,0.0,383.0,0.0,345.0,0.0,129.0,14.0,10.0,27.0,1.0,4.0,17.0,21.0,10.0,2.0,16.0,7.0,0.0,200.0,8511.0,5699.0,5691.0,5602.0,4330.0,4843.0,7470.0,7378.0,6980.0,5221.0,1.0,
3,0.0,1.0,5.0,1.0,1.0,5.0,10.0,4.0,1.0,2.0,2.0,1.0,,0.0,,65.0,678.0,1669.0,240.0,325.0,499.0,1323.0,777.0,46.0,622.0,7.0,4.0,4.0,3.0,4.0,1.0,2.0,3.0,4.0,6.0,4.0,0.0,0.0,0.0,2.0,0.0,1657,1637451591422,4110697578,CLASSIC,teambuilder-match-4110697578,1637449933642,MATCHED_GAME,11.23.409.111,0.0,30.0,0.0,0.0,0.0,30.0,0.0,0.0,0.0,0.0,1.0,0.0,,3.0,0.0,0.0,108.0,0.0,0.0,0.0,0.0,48.0,0.0,0.0,0.0,1.0,1.0,7.0,7.0,2.0,2.0,5.0,10.0,1.0,2.0,9.0,8.0,11.0,11.0,8.0,8.0,11.0,10.0,9.0,9.0,0.0,954.0,5212.0,6989.0,139.0,2620.0,123.0,4182.0,6376.0,316.0,NA1_4110697578,63.0,19.0,15.0,98.0,67.0,5.0,94.0,33.0,102.0,91.0,2646.0,1077.0,1161.0,1559.0,5328.0,1664.0,8044.0,3991.0,756.0,4297.0,400,0.0,1.0,1.0,10669.0,29788.0,140630.0,105202.0,8092.0,159343.0,61723.0,162410.0,31327.0,294192.0,900274.0,3521.0,2290.0,6681.0,8697.0,5468.0,4686.0,8260.0,8506.0,7133.0,4614.0,3815.0,4053.0,7639.0,7230.0,4800.0,5748.0,6993.0,7697.0,5686.0,5022.0,2.0,11.0,875.0,258.0,307.0,148.0,0.0,401.0,92.0,332.0,0.0,0.0,0.0,10.0,13.0,11.0,1.0,9.0,28.0,5.0,331.0,7.0,6.0,1.0,100.0,5922.0,4652.0,8002.0,7493.0,4809.0,4295.0,7355.0,6182.0,5781.0,5131.0,,
4,0.0,3.0,4.0,6.0,5.0,2.0,1.0,5.0,2.0,2.0,1.0,1.0,,1.0,1.0,707.0,676.0,338.0,248.0,910.0,326.0,138.0,388.0,1516.0,378.0,1.0,5.0,3.0,0.0,1.0,2.0,0.0,2.0,3.0,3.0,2.0,2.0,0.0,0.0,0.0,0.0,1769,1637464117493,4111036626,CLASSIC,teambuilder-match-4111036626,1637462348320,MATCHED_GAME,11.23.409.111,0.0,0.0,30.0,0.0,0.0,0.0,30.0,0.0,0.0,0.0,1.0,0.0,,3.0,76.0,0.0,4.0,4.0,4.0,0.0,0.0,0.0,83.0,4.0,0.0,2.0,0.0,1.0,2.0,1.0,7.0,1.0,1.0,1.0,4.0,9.0,10.0,8.0,10.0,9.0,10.0,8.0,8.0,9.0,9.0,348.0,5121.0,2063.0,208.0,1091.0,8031.0,1365.0,140.0,0.0,279.0,NA1_4111036626,13.0,103.0,17.0,103.0,97.0,98.0,2.0,87.0,9.0,83.0,2405.0,1375.0,299.0,5563.0,4049.0,1674.0,492.0,2595.0,2312.0,4299.0,700,1.0,,1.0,211715.0,73294.0,24425.0,44141.0,0.0,46254.0,12957.0,343862.0,189842.0,9809.0,900272.0,2913.0,6496.0,2880.0,6075.0,5140.0,9705.0,2076.0,2736.0,2315.0,5730.0,5247.0,4161.0,3708.0,6038.0,4920.0,6501.0,3663.0,4683.0,4841.0,6218.0,4.0,9.0,159.0,0.0,518.0,304.0,0.0,0.0,218.0,0.0,2.0,1150.0,0.0,1.0,9.0,31.0,11.0,6.0,9.0,18.0,8.0,16.0,13.0,0.0,100.0,5385.0,6417.0,4066.0,7244.0,5685.0,7173.0,4875.0,4112.0,5390.0,5733.0,1.0,
5,0.0,0.0,5.0,1.0,0.0,0.0,5.0,1.0,3.0,1.0,1.0,0.0,,0.0,1.0,610.0,306.0,1214.0,1081.0,689.0,445.0,2073.0,711.0,622.0,448.0,2.0,3.0,1.0,2.0,2.0,1.0,2.0,0.0,1.0,3.0,1.0,3.0,0.0,0.0,1.0,0.0,1588,1637459304356,4110795813,CLASSIC,teambuilder-match-4110795813,1637457716007,MATCHED_GAME,11.23.409.111,0.0,30.0,0.0,0.0,0.0,30.0,0.0,0.0,0.0,0.0,,2.0,,0.0,0.0,0.0,96.0,0.0,0.0,0.0,0.0,106.0,4.0,0.0,0.0,2.0,1.0,0.0,2.0,5.0,0.0,1.0,1.0,4.0,1.0,11.0,7.0,9.0,10.0,8.0,8.0,11.0,10.0,11.0,9.0,2442.0,2829.0,753.0,4710.0,439.0,1321.0,8690.0,270.0,492.0,293.0,NA1_4110795813,95.0,8.0,2.0,96.0,97.0,23.0,125.0,7.0,109.0,84.0,1381.0,1313.0,1416.0,1611.0,3759.0,1765.0,1135.0,4272.0,5776.0,7718.0,400,0.0,1.0,1.0,35766.0,123566.0,587281.0,285187.0,127419.0,32853.0,49078.0,270566.0,63755.0,14010.0,900276.0,3823.0,4544.0,2294.0,6338.0,5100.0,3448.0,10109.0,4781.0,6523.0,8011.0,4510.0,4676.0,4664.0,4841.0,5622.0,3895.0,6398.0,5721.0,5887.0,4123.0,3.0,2.0,0.0,402.0,124.0,17.0,901.0,362.0,283.0,238.0,254.0,0.0,0.0,161.0,30.0,6.0,6.0,8.0,25.0,9.0,2.0,13.0,7.0,0.0,200.0,7823.0,3879.0,5679.0,6994.0,4862.0,4497.0,7593.0,6426.0,7441.0,5094.0,,
6,1.0,0.0,8.0,3.0,0.0,0.0,1.0,0.0,1.0,0.0,1.0,0.0,2.0,0.0,3.0,568.0,274.0,91.0,90.0,461.0,234.0,1989.0,443.0,355.0,871.0,3.0,1.0,3.0,2.0,3.0,1.0,0.0,6.0,2.0,0.0,1.0,4.0,0.0,1.0,0.0,0.0,1978,1637457261651,4110788952,CLASSIC,teambuilder-match-4110788952,1637455282599,MATCHED_GAME,11.23.409.111,0.0,30.0,0.0,0.0,0.0,30.0,0.0,0.0,0.0,0.0,,0.0,2.0,0.0,0.0,0.0,76.0,0.0,0.0,4.0,0.0,81.0,0.0,0.0,0.0,5.0,1.0,0.0,3.0,1.0,0.0,3.0,2.0,3.0,3.0,11.0,8.0,9.0,10.0,9.0,8.0,11.0,9.0,10.0,9.0,826.0,2563.0,0.0,5212.0,91.0,5714.0,1296.0,3096.0,5196.0,103.0,NA1_4110788952,109.0,3.0,13.0,84.0,94.0,21.0,129.0,4.0,101.0,93.0,5678.0,1490.0,2794.0,1077.0,3248.0,730.0,4366.0,527.0,329.0,3030.0,400,0.0,1.0,1.0,71442.0,168574.0,104175.0,337707.0,13014.0,74985.0,33225.0,64499.0,67933.0,48482.0,900303.0,6847.0,4398.0,3453.0,6289.0,3339.0,6662.0,5663.0,3751.0,5525.0,3133.0,6203.0,4624.0,4541.0,5030.0,4986.0,4749.0,6139.0,5018.0,5705.0,5296.0,10.0,3.0,342.0,344.0,658.0,0.0,0.0,217.0,0.0,128.0,0.0,0.0,0.0,10.0,56.0,10.0,16.0,12.0,31.0,10.0,1.0,13.0,10.0,0.0,200.0,7685.0,4727.0,5493.0,6980.0,5445.0,4237.0,7641.0,5679.0,6920.0,5612.0,,
8,0.0,0.0,6.0,1.0,4.0,1.0,4.0,5.0,2.0,6.0,4.0,0.0,1.0,1.0,,216.0,893.0,-67.0,709.0,771.0,588.0,655.0,205.0,492.0,1788.0,2.0,2.0,5.0,3.0,4.0,2.0,4.0,1.0,3.0,2.0,1.0,3.0,0.0,0.0,0.0,1.0,1763,1637439263020,4110522922,CLASSIC,teambuilder-match-4110522922,1637437499407,MATCHED_GAME,11.23.409.111,0.0,30.0,0.0,0.0,0.0,30.0,0.0,0.0,0.0,0.0,,0.0,2.0,0.0,0.0,0.0,81.0,0.0,0.0,0.0,0.0,93.0,0.0,0.0,0.0,3.0,1.0,3.0,3.0,3.0,0.0,0.0,11.0,4.0,0.0,11.0,7.0,9.0,10.0,8.0,7.0,10.0,11.0,10.0,9.0,661.0,1617.0,3080.0,479.0,94.0,2606.0,395.0,704.0,533.0,0.0,NA1_4110522922,105.0,29.0,5.0,95.0,111.0,8.0,112.0,8.0,56.0,106.0,3169.0,319.0,666.0,6701.0,4889.0,660.0,8722.0,9198.0,6719.0,3804.0,400,0.0,2.0,0.0,33620.0,30223.0,62437.0,52302.0,21706.0,82185.0,108851.0,197279.0,7809.0,7628.0,900308.0,3830.0,2080.0,3747.0,7975.0,4984.0,3531.0,9118.0,10239.0,7466.0,3804.0,5716.0,3717.0,5173.0,6249.0,5921.0,3513.0,5245.0,8620.0,5642.0,5438.0,9.0,6.0,0.0,144.0,0.0,794.0,0.0,264.0,0.0,337.0,214.0,0.0,0.0,8.0,30.0,1.0,5.0,10.0,60.0,9.0,4.0,8.0,10.0,0.0,200.0,7748.0,3907.0,5319.0,6384.0,4908.0,3852.0,6568.0,7303.0,6541.0,5286.0,,2.0
9,0.0,1.0,2.0,1.0,1.0,0.0,2.0,2.0,1.0,5.0,0.0,0.0,2.0,1.0,,345.0,324.0,257.0,476.0,1181.0,702.0,662.0,219.0,432.0,138.0,1.0,0.0,1.0,6.0,1.0,0.0,5.0,1.0,1.0,2.0,4.0,1.0,0.0,0.0,0.0,0.0,2277,1637446064261,4110634570,CLASSIC,teambuilder-match-4110634570,1637443787092,MATCHED_GAME,11.23.409.111,0.0,30.0,0.0,0.0,0.0,30.0,0.0,0.0,0.0,0.0,1.0,0.0,2.0,2.0,0.0,0.0,104.0,0.0,0.0,0.0,0.0,74.0,0.0,0.0,0.0,4.0,0.0,1.0,1.0,2.0,1.0,0.0,5.0,2.0,2.0,11.0,8.0,10.0,9.0,9.0,7.0,9.0,10.0,11.0,8.0,0.0,3521.0,1398.0,1502.0,0.0,2133.0,4854.0,2874.0,5274.0,45.0,NA1_4110634570,107.0,8.0,12.0,99.0,97.0,7.0,64.0,6.0,102.0,118.0,8521.0,503.0,277.0,3428.0,3170.0,1313.0,436.0,3299.0,961.0,2845.0,400,0.0,1.0,1.0,77795.0,161024.0,145375.0,51127.0,2741.0,79110.0,83216.0,227986.0,24579.0,31022.0,900323.0,9238.0,4094.0,1676.0,5000.0,3170.0,3853.0,5290.0,6620.0,6807.0,2890.0,6670.0,3374.0,5247.0,4561.0,4956.0,3777.0,3447.0,6469.0,5742.0,5388.0,8.0,7.0,716.0,70.0,0.0,70.0,0.0,406.0,0.0,446.0,571.0,0.0,0.0,10.0,32.0,16.0,11.0,12.0,69.0,9.0,409.0,16.0,17.0,2.0,200.0,7666.0,4352.0,6189.0,5659.0,5469.0,3841.0,5743.0,6541.0,7509.0,4499.0,,
10,0.0,1.0,3.0,0.0,0.0,0.0,4.0,0.0,2.0,4.0,3.0,1.0,1.0,1.0,,585.0,551.0,2132.0,1270.0,2191.0,1704.0,816.0,825.0,573.0,1230.0,2.0,4.0,2.0,2.0,2.0,1.0,1.0,2.0,2.0,1.0,4.0,3.0,0.0,0.0,0.0,0.0,2472,1637443408042,4110549333,CLASSIC,teambuilder-match-4110549333,1637440935734,MATCHED_GAME,11.23.409.111,0.0,30.0,0.0,0.0,0.0,30.0,0.0,0.0,0.0,0.0,2.0,2.0,,7.0,0.0,0.0,104.0,0.0,0.0,0.0,0.0,85.0,0.0,0.0,0.0,0.0,2.0,2.0,6.0,2.0,0.0,2.0,2.0,2.0,1.0,10.0,8.0,10.0,11.0,8.0,8.0,11.0,9.0,10.0,8.0,868.0,4341.0,256.0,309.0,0.0,2060.0,600.0,498.0,3937.0,276.0,NA1_4110549333,80.0,15.0,12.0,108.0,107.0,6.0,132.0,12.0,76.0,101.0,1599.0,701.0,3369.0,5517.0,5087.0,684.0,2776.0,3265.0,388.0,3167.0,400,1.0,,1.0,68145.0,212133.0,247919.0,25385.0,7992.0,109815.0,46831.0,213967.0,93366.0,94563.0,900297.0,2467.0,5379.0,3992.0,6091.0,5087.0,3141.0,3376.0,4003.0,4326.0,3443.0,4150.0,4351.0,6272.0,7135.0,5071.0,3734.0,6016.0,5700.0,5028.0,4630.0,5.0,11.0,0.0,335.0,365.0,264.0,0.0,396.0,0.0,239.0,0.0,0.0,0.0,549.0,381.0,1.0,12.0,13.0,71.0,15.0,3.0,16.0,11.0,1.0,100.0,6500.0,4965.0,6757.0,7340.0,5028.0,4707.0,7594.0,5869.0,7003.0,4594.0,,
11,0.0,0.0,6.0,6.0,2.0,5.0,7.0,0.0,2.0,1.0,3.0,1.0,,0.0,1.0,1177.0,1869.0,838.0,23.0,1750.0,403.0,561.0,406.0,478.0,79.0,4.0,4.0,1.0,1.0,3.0,2.0,1.0,2.0,4.0,7.0,3.0,3.0,0.0,0.0,0.0,1.0,2311,1637393557379,4110153294,CLASSIC,teambuilder-match-4110153294,1637391245471,MATCHED_GAME,11.23.409.111,0.0,30.0,0.0,0.0,0.0,30.0,0.0,0.0,0.0,0.0,3.0,1.0,3.0,3.0,0.0,0.0,96.0,0.0,0.0,0.0,4.0,60.0,0.0,0.0,0.0,1.0,0.0,5.0,3.0,5.0,4.0,6.0,2.0,0.0,3.0,10.0,7.0,10.0,11.0,8.0,8.0,11.0,8.0,9.0,8.0,437.0,1908.0,0.0,8528.0,303.0,4569.0,2281.0,1574.0,2661.0,1244.0,NA1_4110153294,97.0,4.0,12.0,112.0,91.0,11.0,116.0,2.0,60.0,89.0,3618.0,1395.0,5842.0,754.0,6521.0,894.0,2633.0,741.0,419.0,7425.0,400,0.0,1.0,0.0,50004.0,78813.0,274563.0,267292.0,40468.0,102094.0,16447.0,135002.0,195762.0,14370.0,900321.0,4262.0,3696.0,6455.0,10032.0,7078.0,5882.0,6819.0,2548.0,3081.0,8669.0,4777.0,3844.0,7078.0,6363.0,6900.0,5903.0,7866.0,5081.0,3548.0,5379.0,9.0,8.0,206.0,392.0,612.0,750.0,253.0,419.0,1904.0,232.0,0.0,0.0,0.0,1.0,69.0,6.0,10.0,12.0,38.0,7.0,625.0,14.0,9.0,0.0,200.0,6713.0,3816.0,7097.0,7887.0,4734.0,4560.0,7811.0,4520.0,5236.0,4912.0,,
12,0.0,3.0,10.0,3.0,2.0,2.0,3.0,1.0,1.0,0.0,2.0,0.0,1.0,2.0,2.0,1879.0,121.0,1927.0,1587.0,248.0,169.0,275.0,692.0,1061.0,893.0,1.0,2.0,0.0,3.0,4.0,4.0,5.0,4.0,4.0,3.0,3.0,3.0,0.0,1.0,1.0,0.0,2507,1637359866023,4109467897,CLASSIC,teambuilder-match-4109467897,1637357358715,MATCHED_GAME,11.23.409.111,0.0,30.0,0.0,0.0,0.0,30.0,0.0,0.0,0.0,0.0,,0.0,4.0,0.0,0.0,0.0,87.0,0.0,0.0,0.0,8.0,64.0,0.0,0.0,0.0,3.0,0.0,5.0,4.0,4.0,2.0,0.0,5.0,3.0,4.0,11.0,8.0,11.0,11.0,8.0,8.0,10.0,9.0,10.0,9.0,1500.0,3266.0,269.0,4103.0,7290.0,1120.0,1648.0,4781.0,449.0,213.0,NA1_4109467897,123.0,20.0,13.0,100.0,96.0,27.0,87.0,13.0,111.0,78.0,4417.0,2037.0,4433.0,2243.0,716.0,1665.0,3290.0,1452.0,5138.0,4196.0,400,1.0,,1.0,315587.0,175412.0,169627.0,60311.0,68696.0,47915.0,107147.0,199884.0,57374.0,27576.0,900209.0,6136.0,5677.0,5011.0,6565.0,8007.0,3376.0,4939.0,6495.0,5981.0,4410.0,7304.0,4856.0,6502.0,5837.0,5748.0,4304.0,4275.0,6052.0,5646.0,5268.0,11.0,5.0,217.0,374.0,308.0,218.0,0.0,591.0,0.0,261.0,394.0,0.0,0.0,15.0,77.0,121.0,14.0,14.0,44.0,16.0,1.0,28.0,56.0,0.0,200.0,8425.0,4602.0,7864.0,7491.0,4887.0,4398.0,6367.0,6001.0,6704.0,5461.0,,
13,1.0,2.0,5.0,0.0,5.0,1.0,4.0,3.0,4.0,1.0,7.0,0.0,,1.0,,223.0,2423.0,1386.0,60.0,1079.0,370.0,1517.0,737.0,792.0,477.0,2.0,2.0,1.0,4.0,1.0,6.0,1.0,7.0,2.0,3.0,3.0,0.0,1.0,0.0,0.0,0.0,1520,1637356683540,4109484075,CLASSIC,teambuilder-match-4109484075,1637355163456,MATCHED_GAME,11.23.409.111,30.0,0.0,0.0,0.0,0.0,0.0,0.0,0.0,0.0,30.0,,0.0,,2.0,0.0,60.0,0.0,0.0,4.0,66.0,0.0,0.0,0.0,0.0,0.0,0.0,9.0,2.0,6.0,1.0,6.0,1.0,4.0,0.0,0.0,8.0,10.0,11.0,10.0,9.0,9.0,8.0,9.0,10.0,9.0,1183.0,7444.0,0.0,7445.0,389.0,94.0,705.0,4507.0,2932.0,2398.0,NA1_4109484075,18.0,24.0,85.0,94.0,120.0,2.0,50.0,44.0,74.0,21.0,1007.0,2630.0,6566.0,5950.0,4700.0,5307.0,2228.0,85.0,1353.0,526.0,400,1.0,,0.0,27100.0,39141.0,6571.0,78053.0,16281.0,201975.0,166418.0,111974.0,100735.0,62984.0,900230.0,2190.0,10830.0,6566.0,14046.0,5218.0,6404.0,2933.0,5119.0,4285.0,3227.0,3373.0,8543.0,4786.0,8215.0,5354.0,6370.0,3767.0,4422.0,3792.0,3687.0,1.0,7.0,0.0,755.0,0.0,650.0,127.0,1002.0,0.0,526.0,0.0,302.0,0.0,17.0,39.0,69.0,5.0,4.0,5.0,2.0,7.0,5.0,18.0,0.0,100.0,4124.0,6909.0,8083.0,7278.0,5079.0,5326.0,4364.0,5063.0,6816.0,5105.0,,
14,1.0,2.0,0.0,2.0,0.0,8.0,0.0,1.0,2.0,7.0,2.0,1.0,,0.0,1.0,339.0,196.0,1220.0,506.0,124.0,252.0,1208.0,1002.0,290.0,821.0,0.0,3.0,1.0,1.0,4.0,5.0,2.0,3.0,2.0,6.0,1.0,3.0,0.0,0.0,0.0,0.0,1777,1637382590404,4109933147,CLASSIC,teambuilder-match-4109933147,1637380812794,MATCHED_GAME,11.23.409.111,0.0,0.0,0.0,0.0,30.0,0.0,0.0,0.0,0.0,0.0,,1.0,,3.0,0.0,4.0,89.0,0.0,0.0,0.0,72.0,0.0,0.0,0.0,0.0,2.0,1.0,2.0,8.0,0.0,4.0,2.0,6.0,1.0,1.0,10.0,10.0,10.0,11.0,8.0,9.0,9.0,9.0,8.0,8.0,2908.0,823.0,1704.0,1182.0,1701.0,872.0,2647.0,720.0,1465.0,0.0,NA1_4109933147,102.0,95.0,15.0,95.0,23.0,102.0,33.0,108.0,8.0,56.0,499.0,5137.0,128.0,8310.0,1538.0,4814.0,670.0,6775.0,666.0,2155.0,400,2.0,,0.0,301035.0,44581.0,558974.0,0.0,50926.0,1155.0,109395.0,45495.0,25085.0,69476.0,900286.0,3407.0,6289.0,1983.0,9858.0,3735.0,5711.0,3474.0,7496.0,2430.0,2809.0,6039.0,4971.0,5645.0,7606.0,4449.0,6052.0,5228.0,6802.0,4365.0,4086.0,1.0,11.0,0.0,328.0,150.0,366.0,495.0,24.0,156.0,0.0,298.0,654.0,0.0,8.0,14.0,1.0,22.0,45.0,7.0,2.0,9.0,15.0,6.0,0.0,100.0,6896.0,6122.0,6200.0,7770.0,4723.0,5443.0,5823.0,6045.0,4436.0,4947.0,,1.0
15,1.0,1.0,3.0,3.0,0.0,4.0,2.0,3.0,1.0,1.0,0.0,1.0,,2.0,,686.0,449.0,437.0,2919.0,2382.0,528.0,40.0,3055.0,335.0,450.0,5.0,4.0,3.0,1.0,2.0,1.0,2.0,3.0,2.0,5.0,4.0,0.0,1.0,0.0,0.0,0.0,1654,1637350218004,4109423906,CLASSIC,teambuilder-match-4109423906,1637348563892,MATCHED_GAME,11.23.409.111,0.0,30.0,0.0,0.0,0.0,30.0,0.0,0.0,0.0,0.0,,0.0,,1.0,0.0,0.0,68.0,0.0,0.0,0.0,0.0,96.0,0.0,0.0,0.0,1.0,0.0,3.0,4.0,5.0,3.0,2.0,5.0,3.0,2.0,9.0,8.0,9.0,10.0,11.0,8.0,11.0,10.0,10.0,8.0,2316.0,0.0,0.0,630.0,372.0,3947.0,5173.0,3183.0,1706.0,271.0,NA1_4109423906,84.0,8.0,22.0,106.0,102.0,13.0,116.0,9.0,110.0,77.0,2417.0,4288.0,2881.0,6017.0,8751.0,776.0,725.0,415.0,4432.0,4986.0,400,1.0,,0.0,62366.0,65130.0,156796.0,17338.0,26158.0,274589.0,174888.0,170582.0,0.0,27115.0,900244.0,4734.0,4288.0,3083.0,7171.0,9840.0,4874.0,6214.0,5029.0,6664.0,5258.0,4571.0,4374.0,6047.0,6944.0,7457.0,4858.0,5925.0,6665.0,6355.0,4825.0,3.0,7.0,0.0,0.0,202.0,524.0,716.0,150.0,315.0,1430.0,525.0,0.0,0.0,6.0,18.0,5.0,9.0,9.0,21.0,9.0,7.0,9.0,7.0,0.0,100.0,5836.0,4765.0,5450.0,7123.0,7553.0,4811.0,7530.0,6432.0,7295.0,4667.0,,
16,1.0,0.0,4.0,3.0,4.0,3.0,4.0,1.0,4.0,3.0,2.0,0.0,1.0,1.0,1.0,591.0,325.0,957.0,1154.0,250.0,128.0,228.0,971.0,166.0,615.0,2.0,4.0,2.0,2.0,5.0,4.0,3.0,2.0,4.0,4.0,3.0,1.0,0.0,0.0,0.0,0.0,2053,1637204578381,4107388116,CLASSIC,teambuilder-match-4107388116,1637202524535,MATCHED_GAME,11.23.409.111,0.0,30.0,0.0,0.0,0.0,30.0,0.0,0.0,0.0,0.0,,0.0,,2.0,4.0,0.0,96.0,0.0,0.0,0.0,4.0,60.0,3.0,4.0,0.0,3.0,3.0,4.0,1.0,4.0,5.0,2.0,2.0,8.0,0.0,11.0,7.0,9.0,11.0,8.0,8.0,11.0,9.0,10.0,9.0,2646.0,2709.0,0.0,5660.0,0.0,5757.0,0.0,2503.0,1378.0,282.0,NA1_4107388116,90.0,7.0,2.0,106.0,99.0,12.0,91.0,3.0,84.0,87.0,2299.0,984.0,5600.0,836.0,9305.0,890.0,5241.0,798.0,8009.0,1875.0,400,1.0,,1.0,126454.0,91635.0,257049.0,88940.0,71114.0,8064.0,118053.0,224842.0,54722.0,7300.0,900251.0,4945.0,4240.0,6219.0,6496.0,9872.0,7034.0,5554.0,3505.0,10164.0,2158.0,5991.0,4725.0,6557.0,6369.0,6650.0,5403.0,5478.0,4671.0,7256.0,4215.0,3.0,11.0,0.0,546.0,619.0,0.0,567.0,386.0,312.0,204.0,776.0,0.0,0.0,12.0,48.0,11.0,2.0,12.0,43.0,8.0,12.0,9.0,7.0,1.0,100.0,7861.0,3879.0,6022.0,7404.0,5010.0,5025.0,7528.0,5197.0,7012.0,5306.0,,
17,0.0,3.0,6.0,3.0,6.0,4.0,9.0,0.0,4.0,3.0,5.0,0.0,,0.0,,1673.0,229.0,2409.0,1499.0,1505.0,756.0,307.0,519.0,658.0,496.0,2.0,4.0,4.0,5.0,3.0,6.0,10.0,1.0,5.0,3.0,2.0,0.0,0.0,0.0,0.0,0.0,1503,1637202201534,4107392507,CLASSIC,teambuilder-match-4107392507,1637200698515,MATCHED_GAME,11.23.409.111,0.0,30.0,0.0,0.0,0.0,30.0,0.0,0.0,0.0,0.0,1.0,0.0,,3.0,3.0,0.0,68.0,0.0,4.0,0.0,0.0,61.0,4.0,0.0,0.0,7.0,3.0,7.0,3.0,6.0,0.0,2.0,2.0,10.0,3.0,11.0,8.0,10.0,10.0,9.0,8.0,8.0,9.0,10.0,9.0,5448.0,3031.0,6439.0,877.0,2412.0,3005.0,3639.0,0.0,1059.0,756.0,NA1_4107392507,94.0,4.0,17.0,75.0,64.0,5.0,55.0,8.0,73.0,78.0,2001.0,1734.0,705.0,3243.0,5802.0,743.0,2558.0,3034.0,10698.0,7601.0,400,1.0,,0.0,382041.0,138973.0,214674.0,54014.0,8790.0,123759.0,56967.0,176222.0,13857.0,90465.0,900222.0,7449.0,4893.0,7657.0,4841.0,8215.0,3937.0,6759.0,3237.0,13482.0,8541.0,7748.0,5154.0,6744.0,6539.0,5905.0,4056.0,3892.0,5419.0,8338.0,5246.0,3.0,11.0,0.0,128.0,512.0,720.0,0.0,187.0,561.0,202.0,1724.0,183.0,58.0,6.0,78.0,4.0,5.0,7.0,17.0,22.0,14.0,57.0,5.0,1.0,100.0,7854.0,4232.0,6716.0,6454.0,5223.0,4062.0,4713.0,5050.0,6497.0,5148.0,,
18,0.0,0.0,1.0,4.0,1.0,2.0,5.0,1.0,0.0,2.0,2.0,1.0,,0.0,,614.0,467.0,25.0,919.0,92.0,239.0,758.0,734.0,1784.0,2152.0,3.0,3.0,0.0,2.0,1.0,2.0,4.0,4.0,2.0,2.0,1.0,3.0,0.0,1.0,0.0,0.0,1844,1637200313245,4107326115,CLASSIC,teambuilder-match-4107326115,1637198468464,MATCHED_GAME,11.23.409.111,0.0,30.0,0.0,0.0,0.0,30.0,0.0,0.0,0.0,0.0,1.0,1.0,,1.0,0.0,0.0,80.0,0.0,0.0,0.0,0.0,92.0,0.0,0.0,0.0,4.0,0.0,3.0,2.0,4.0,2.0,1.0,2.0,3.0,2.0,10.0,6.0,10.0,10.0,9.0,8.0,9.0,9.0,11.0,10.0,836.0,2925.0,611.0,3463.0,630.0,1833.0,3549.0,652.0,4809.0,962.0,NA1_4107326115,65.0,4.0,18.0,74.0,107.0,5.0,85.0,10.0,113.0,116.0,4919.0,563.0,4705.0,1052.0,6088.0,742.0,1261.0,3987.0,1253.0,5219.0,400,0.0,1.0,0.0,209054.0,161777.0,182297.0,28524.0,20293.0,63341.0,92346.0,109662.0,30081.0,80016.0,900272.0,5853.0,3566.0,5513.0,6284.0,6719.0,2933.0,5130.0,4941.0,6131.0,6416.0,5064.0,3317.0,6025.0,4549.0,5792.0,4564.0,4558.0,5134.0,6879.0,6127.0,5.0,8.0,98.0,78.0,196.0,1768.0,0.0,358.0,320.0,302.0,69.0,234.0,0.0,2.0,37.0,7.0,10.0,10.0,31.0,50.0,3.0,16.0,10.0,0.0,100.0,6574.0,2713.0,6758.0,6430.0,5665.0,4383.0,6007.0,5579.0,7504.0,6753.0,1.0,
19,0.0,1.0,6.0,3.0,3.0,3.0,3.0,2.0,3.0,5.0,3.0,1.0,,0.0,,449.0,579.0,635.0,796.0,330.0,184.0,1272.0,86.0,1541.0,305.0,3.0,1.0,4.0,1.0,7.0,3.0,4.0,2.0,1.0,3.0,2.0,2.0,0.0,1.0,0.0,0.0,1683,1637377936484,4109829899,CLASSIC,teambuilder-match-4109829899,1637376252509,MATCHED_GAME,11.23.409.111,0.0,30.0,0.0,0.0,0.0,30.0,0.0,0.0,0.0,0.0,2.0,0.0,,3.0,4.0,0.0,81.0,0.0,0.0,0.0,0.0,102.0,0.0,0.0,0.0,2.0,4.0,5.0,4.0,0.0,0.0,4.0,3.0,4.0,3.0,10.0,8.0,10.0,9.0,8.0,7.0,10.0,9.0,11.0,8.0,2676.0,3054.0,0.0,0.0,0.0,2974.0,0.0,344.0,4855.0,685.0,NA1_4109829899,106.0,22.0,19.0,67.0,77.0,11.0,93.0,10.0,105.0,105.0,2147.0,1132.0,6083.0,3254.0,3176.0,758.0,5988.0,4542.0,1575.0,6116.0,420,1.0,1.0,0.0,92763.0,141216.0,144643.0,62789.0,2709.0,103733.0,76830.0,353004.0,200241.0,0.0,900333.0,4823.0,4474.0,6936.0,4344.0,3694.0,3844.0,6298.0,5106.0,6575.0,7225.0,5649.0,4914.0,7310.0,6636.0,4140.0,3534.0,6647.0,5936.0,6471.0,6630.0,4.0,11.0,0.0,288.0,852.0,1089.0,517.0,111.0,309.0,220.0,144.0,424.0,0.0,9.0,25.0,2.0,7.0,4.0,34.0,6.0,5.0,9.0,11.0,0.0,100.0,6535.0,4561.0,6364.0,5940.0,4386.0,3456.0,6754.0,6056.0,7732.0,4833.0,1.0,
20,1.0,3.0,7.0,2.0,2.0,2.0,4.0,1.0,5.0,3.0,2.0,1.0,,2.0,,245.0,749.0,1306.0,1417.0,983.0,793.0,400.0,550.0,126.0,416.0,0.0,1.0,0.0,3.0,3.0,3.0,5.0,2.0,2.0,2.0,3.0,1.0,0.0,0.0,0.0,0.0,1593,1637374584071,4109790669,CLASSIC,teambuilder-match-4109790669,1637372990680,MATCHED_GAME,11.23.409.111,0.0,30.0,0.0,0.0,0.0,30.0,0.0,0.0,0.0,0.0,,1.0,,2.0,4.0,0.0,72.0,0.0,0.0,0.0,4.0,84.0,0.0,4.0,0.0,2.0,0.0,4.0,2.0,2.0,2.0,2.0,0.0,2.0,5.0,11.0,8.0,10.0,10.0,9.0,8.0,10.0,9.0,10.0,9.0,653.0,551.0,675.0,4481.0,103.0,3070.0,2764.0,0.0,5257.0,390.0,NA1_4109790669,128.0,23.0,23.0,106.0,114.0,8.0,83.0,3.0,103.0,97.0,3424.0,1483.0,4580.0,823.0,8804.0,529.0,5139.0,2633.0,94.0,5968.0,420,2.0,,0.0,21736.0,294360.0,131852.0,47216.0,30065.0,114493.0,52286.0,141855.0,37196.0,97387.0,900248.0,4077.0,2035.0,5634.0,5543.0,9098.0,3600.0,7903.0,2837.0,5351.0,6549.0,7150.0,3954.0,6226.0,5867.0,6233.0,5048.0,4885.0,4650.0,4981.0,6366.0,1.0,10.0,0.0,0.0,378.0,238.0,190.0,0.0,0.0,204.0,0.0,190.0,0.0,2.0,27.0,4.0,12.0,10.0,34.0,6.0,1.0,9.0,10.0,0.0,100.0,7963.0,4358.0,6500.0,6507.0,5062.0,4287.0,6285.0,5382.0,6422.0,5124.0,,
21,0.0,1.0,8.0,1.0,1.0,4.0,3.0,0.0,0.0,1.0,2.0,1.0,1.0,1.0,2.0,125.0,23.0,347.0,642.0,93.0,1269.0,660.0,1562.0,2425.0,453.0,2.0,2.0,1.0,5.0,4.0,4.0,2.0,4.0,3.0,1.0,3.0,2.0,0.0,0.0,1.0,0.0,2024,1637360024384,4109469148,CLASSIC,teambuilder-match-4109469148,1637357999853,MATCHED_GAME,11.23.409.111,0.0,30.0,0.0,0.0,0.0,30.0,0.0,0.0,0.0,0.0,,0.0,2.0,1.0,0.0,0.0,99.0,0.0,0.0,0.0,4.0,0.0,0.0,88.0,0.0,3.0,0.0,5.0,3.0,0.0,1.0,2.0,5.0,8.0,1.0,11.0,8.0,11.0,10.0,9.0,8.0,11.0,11.0,10.0,9.0,972.0,2067.0,301.0,3537.0,3202.0,2212.0,554.0,298.0,87.0,1548.0,NA1_4109469148,115.0,23.0,20.0,84.0,85.0,15.0,113.0,115.0,131.0,8.0,3474.0,1035.0,4803.0,863.0,658.0,428.0,4443.0,7391.0,9282.0,678.0,420,0.0,2.0,0.0,327435.0,58190.0,125876.0,0.0,76954.0,89776.0,12814.0,57169.0,34875.0,42176.0,900260.0,4446.0,3844.0,5424.0,4725.0,3861.0,2640.0,5047.0,8358.0,9383.0,3086.0,6400.0,4168.0,6947.0,5222.0,4393.0,3949.0,5910.0,6552.0,7825.0,5643.0,9.0,8.0,0.0,741.0,320.0,324.0,0.0,0.0,49.0,669.0,14.0,859.0,0.0,6.0,18.0,4.0,6.0,17.0,26.0,13.0,10.0,9.0,6.0,1.0,100.0,7720.0,4573.0,7938.0,6787.0,5201.0,4636.0,7517.0,8016.0,7253.0,5489.0,,
22,0.0,0.0,2.0,1.0,0.0,5.0,3.0,0.0,3.0,0.0,2.0,0.0,2.0,0.0,1.0,203.0,418.0,164.0,611.0,1050.0,399.0,386.0,1400.0,1602.0,235.0,0.0,4.0,3.0,2.0,2.0,2.0,3.0,2.0,0.0,2.0,0.0,5.0,0.0,0.0,0.0,0.0,2237,1637467395916,4111215760,CLASSIC,teambuilder-match-4111215760,1637465158512,MATCHED_GAME,11.23.409.111,0.0,30.0,0.0,0.0,0.0,30.0,0.0,0.0,0.0,0.0,,0.0,1.0,0.0,0.0,0.0,77.0,0.0,0.0,0.0,4.0,63.0,4.0,0.0,0.0,4.0,0.0,1.0,1.0,2.0,3.0,1.0,0.0,7.0,1.0,11.0,7.0,8.0,9.0,9.0,8.0,9.0,8.0,10.0,8.0,0.0,2556.0,246.0,1377.0,299.0,3540.0,0.0,195.0,5624.0,153.0,NA1_4111215760,124.0,24.0,4.0,86.0,110.0,7.0,81.0,8.0,82.0,100.0,5202.0,330.0,1927.0,299.0,4328.0,458.0,1467.0,2312.0,1018.0,832.0,400,1.0,1.0,0.0,32637.0,63676.0,222715.0,12220.0,21305.0,24514.0,42751.0,195681.0,69489.0,0.0,900212.0,6259.0,3084.0,2222.0,2388.0,4628.0,3998.0,1596.0,2628.0,7111.0,985.0,7678.0,3208.0,4339.0,4251.0,5970.0,4679.0,4136.0,4500.0,6297.0,4960.0,6.0,6.0,1056.0,197.0,48.0,711.0,0.0,0.0,128.0,120.0,468.0,0.0,0.0,14.0,35.0,23.0,12.0,10.0,24.0,15.0,2.0,24.0,10.0,0.0,200.0,8100.0,3968.0,4756.0,5648.0,5550.0,4317.0,5584.0,5018.0,6966.0,4989.0,2.0,1.0
23,1.0,1.0,1.0,2.0,8.0,9.0,1.0,3.0,3.0,1.0,1.0,1.0,,0.0,1.0,467.0,126.0,1580.0,1534.0,1218.0,316.0,178.0,471.0,1279.0,578.0,0.0,5.0,2.0,2.0,0.0,1.0,6.0,1.0,0.0,2.0,2.0,2.0,1.0,1.0,0.0,0.0,1735,1637466528783,4111234026,CLASSIC,teambuilder-match-4111234026,1637464793388,MATCHED_GAME,11.23.409.111,0.0,0.0,0.0,0.0,30.0,0.0,0.0,30.0,0.0,0.0,,0.0,,3.0,4.0,64.0,96.0,0.0,0.0,4.0,0.0,0.0,0.0,4.0,0.0,3.0,4.0,8.0,1.0,0.0,2.0,0.0,0.0,0.0,1.0,11.0,8.0,11.0,9.0,8.0,11.0,7.0,7.0,11.0,10.0,4822.0,17.0,0.0,433.0,3428.0,503.0,1849.0,1744.0,2730.0,12.0,NA1_4111234026,117.0,3.0,18.0,129.0,4.0,119.0,65.0,12.0,114.0,79.0,226.0,5691.0,6788.0,4485.0,837.0,3447.0,713.0,931.0,189.0,6986.0,700,0.0,1.0,1.0,36649.0,184126.0,391170.0,85062.0,25835.0,120662.0,6909.0,79494.0,171036.0,156545.0,900263.0,5048.0,6602.0,8989.0,4919.0,4568.0,4549.0,2562.0,2675.0,3122.0,6998.0,5567.0,5809.0,7580.0,6119.0,4468.0,6216.0,3893.0,3346.0,4529.0,4883.0,1.0,11.0,0.0,893.0,2201.0,0.0,302.0,598.0,0.0,0.0,203.0,0.0,0.0,8.0,12.0,5.0,30.0,18.0,6.0,6.0,14.0,8.0,8.0,0.0,100.0,7550.0,4893.0,7754.0,5337.0,4426.0,7504.0,4017.0,3754.0,7829.0,6516.0,,
24,1.0,2.0,4.0,7.0,1.0,2.0,4.0,1.0,3.0,2.0,1.0,0.0,1.0,0.0,,387.0,390.0,847.0,982.0,789.0,496.0,24.0,304.0,1072.0,81.0,1.0,5.0,3.0,1.0,1.0,2.0,0.0,3.0,1.0,2.0,3.0,2.0,1.0,0.0,0.0,0.0,1913,1637463921754,4111046053,CLASSIC,teambuilder-match-4111046053,1637462008523,MATCHED_GAME,11.23.409.111,0.0,30.0,30.0,0.0,0.0,0.0,0.0,0.0,0.0,0.0,1.0,0.0,2.0,0.0,0.0,0.0,0.0,0.0,0.0,77.0,0.0,0.0,79.0,0.0,0.0,3.0,0.0,1.0,1.0,3.0,3.0,3.0,3.0,1.0,1.0,8.0,7.0,7.0,10.0,10.0,9.0,11.0,9.0,9.0,9.0,563.0,3145.0,2008.0,2736.0,3989.0,274.0,6608.0,157.0,206.0,2238.0,NA1_4111046053,91.0,9.0,18.0,105.0,84.0,6.0,135.0,105.0,16.0,78.0,3352.0,169.0,714.0,318.0,3726.0,3213.0,724.0,5549.0,3135.0,2497.0,700,1.0,,1.0,5151.0,9053.0,95898.0,154986.0,82123.0,164009.0,38746.0,29926.0,297338.0,244526.0,900291.0,3916.0,3605.0,3052.0,3180.0,8268.0,3587.0,7591.0,5706.0,3791.0,4736.0,5537.0,3815.0,3827.0,4617.0,5114.0,5496.0,6919.0,5779.0,4947.0,4256.0,9.0,1.0,0.0,290.0,330.0,125.0,552.0,100.0,257.0,0.0,449.0,0.0,1.0,11.0,42.0,27.0,5.0,101.0,5.0,13.0,13.0,4.0,12.0,0.0,200.0,4954.0,3274.0,3684.0,6873.0,6521.0,5515.0,8006.0,5177.0,5341.0,5598.0,,2.0
25,0.0,2.0,5.0,1.0,5.0,2.0,2.0,3.0,5.0,7.0,3.0,0.0,1.0,0.0,1.0,577.0,824.0,445.0,474.0,180.0,418.0,394.0,1800.0,1510.0,676.0,5.0,2.0,2.0,5.0,6.0,5.0,2.0,0.0,2.0,3.0,1.0,4.0,0.0,0.0,0.0,0.0,1889,1637450930286,4110705385,CLASSIC,teambuilder-match-4110705385,1637449041107,MATCHED_GAME,11.23.409.111,0.0,30.0,0.0,0.0,0.0,30.0,0.0,0.0,0.0,0.0,,0.0,2.0,0.0,0.0,0.0,94.0,0.0,0.0,0.0,0.0,94.0,0.0,1.0,0.0,0.0,5.0,6.0,1.0,2.0,0.0,6.0,5.0,4.0,3.0,10.0,8.0,11.0,9.0,8.0,7.0,11.0,11.0,9.0,10.0,6146.0,6102.0,0.0,5142.0,264.0,3872.0,708.0,320.0,203.0,4184.0,NA1_4110705385,97.0,18.0,15.0,89.0,106.0,6.0,99.0,25.0,102.0,88.0,1294.0,427.0,4243.0,561.0,6614.0,259.0,6154.0,4276.0,6586.0,422.0,420,1.0,1.0,0.0,71259.0,113165.0,172213.0,8456.0,28638.0,120326.0,142535.0,330372.0,59530.0,54628.0,900335.0,7815.0,6530.0,4329.0,6194.0,6878.0,4469.0,7659.0,4620.0,6790.0,5092.0,4862.0,6264.0,7980.0,5334.0,5605.0,3293.0,6669.0,7150.0,6745.0,5256.0,10.0,3.0,374.0,0.0,86.0,490.0,0.0,338.0,797.0,24.0,0.0,484.0,0.0,11.0,31.0,7.0,14.0,15.0,16.0,10.0,8.0,43.0,5.0,1.0,200.0,6318.0,4841.0,7349.0,5783.0,4381.0,3685.0,7586.0,7769.0,5837.0,6878.0,2.0,1.0
26,1.0,2.0,4.0,4.0,0.0,1.0,5.0,2.0,3.0,0.0,6.0,1.0,2.0,0.0,,836.0,200.0,1874.0,120.0,807.0,-230.0,56.0,373.0,1305.0,263.0,2.0,3.0,1.0,6.0,3.0,7.0,3.0,2.0,2.0,1.0,4.0,2.0,0.0,0.0,0.0,1.0,2096,1637447528546,4110608068,CLASSIC,teambuilder-match-4110608068,1637445431828,MATCHED_GAME,11.23.409.111,0.0,30.0,0.0,0.0,0.0,30.0,0.0,0.0,0.0,0.0,3.0,1.0,1.0,1.0,0.0,0.0,72.0,0.0,0.0,0.0,0.0,95.0,8.0,0.0,0.0,4.0,6.0,1.0,2.0,3.0,1.0,0.0,5.0,6.0,2.0,11.0,9.0,9.0,8.0,9.0,8.0,10.0,10.0,12.0,9.0,7301.0,6581.0,275.0,3312.0,128.0,3962.0,989.0,216.0,518.0,53.0,NA1_4110608068,122.0,4.0,7.0,79.0,98.0,16.0,76.0,17.0,136.0,124.0,1546.0,911.0,3487.0,587.0,4003.0,224.0,551.0,5186.0,8006.0,4864.0,420,1.0,1.0,0.0,71613.0,127016.0,128132.0,14367.0,23683.0,66230.0,82061.0,281954.0,29265.0,11989.0,900327.0,9466.0,8193.0,4201.0,5007.0,4131.0,4364.0,2254.0,5657.0,8983.0,4917.0,7041.0,5860.0,6010.0,5240.0,5442.0,4960.0,4206.0,7073.0,9215.0,6813.0,7.0,8.0,618.0,699.0,438.0,1107.0,0.0,176.0,713.0,255.0,458.0,0.0,0.0,12.0,28.0,6.0,12.0,19.0,44.0,11.0,9.0,9.0,8.0,0.0,100.0,8157.0,5254.0,5837.0,4961.0,5419.0,4417.0,6303.0,7111.0,9210.0,5361.0,,
27,0.0,0.0,4.0,9.0,0.0,0.0,1.0,3.0,0.0,3.0,0.0,1.0,,0.0,1.0,387.0,53.0,281.0,384.0,228.0,2065.0,144.0,300.0,681.0,95.0,4.0,5.0,2.0,3.0,2.0,3.0,1.0,3.0,4.0,1.0,3.0,2.0,0.0,0.0,0.0,0.0,1867,1637307194823,4109095514,CLASSIC,teambuilder-match-4109095514,1637305327174,MATCHED_GAME,11.23.409.111,0.0,30.0,30.0,0.0,0.0,0.0,0.0,0.0,0.0,0.0,3.0,0.0,,3.0,0.0,4.0,0.0,0.0,0.0,72.0,64.0,0.0,0.0,0.0,0.0,2.0,1.0,1.0,1.0,9.0,1.0,3.0,5.0,2.0,3.0,10.0,7.0,9.0,9.0,10.0,10.0,8.0,12.0,8.0,11.0,4640.0,1204.0,2422.0,842.0,0.0,344.0,2553.0,9115.0,4701.0,98.0,NA1_4109095514,63.0,20.0,1.0,66.0,122.0,18.0,15.0,104.0,72.0,103.0,512.0,1693.0,676.0,2443.0,8788.0,1948.0,612.0,668.0,776.0,5409.0,430,2.0,,0.0,155922.0,81433.0,34099.0,44587.0,54035.0,220604.0,242812.0,159165.0,65605.0,31285.0,900284.0,5152.0,3452.0,3417.0,3824.0,11164.0,2721.0,3253.0,9783.0,5477.0,6019.0,4272.0,3678.0,5506.0,4164.0,8403.0,4815.0,5019.0,6225.0,4631.0,5040.0,4.0,11.0,0.0,554.0,317.0,538.0,2375.0,428.0,86.0,0.0,0.0,512.0,0.0,10.0,32.0,11.0,9.0,9.0,0.0,9.0,10.0,9.0,5.0,0.0,100.0,6696.0,3534.0,5394.0,5876.0,6430.0,6849.0,4948.0,8597.0,4414.0,7354.0,,1.0
28,1.0,1.0,1.0,2.0,4.0,2.0,3.0,3.0,1.0,2.0,1.0,0.0,,0.0,,136.0,336.0,101.0,536.0,1271.0,272.0,1323.0,2175.0,991.0,971.0,1.0,3.0,1.0,2.0,3.0,1.0,3.0,5.0,0.0,5.0,2.0,1.0,0.0,0.0,1.0,0.0,1895,1637305140843,4109061136,CLASSIC,teambuilder-match-4109061136,1637303245586,MATCHED_GAME,11.23.409.111,0.0,0.0,0.0,0.0,0.0,30.0,30.0,0.0,0.0,0.0,,1.0,,0.0,0.0,0.0,68.0,0.0,0.0,0.0,0.0,0.0,4.0,60.0,0.0,5.0,0.0,3.0,3.0,0.0,5.0,1.0,3.0,1.0,3.0,11.0,10.0,9.0,8.0,10.0,8.0,7.0,8.0,12.0,8.0,1077.0,2163.0,755.0,1064.0,41.0,6141.0,2635.0,0.0,243.0,1185.0,NA1_4109061136,106.0,101.0,7.0,76.0,80.0,22.0,3.0,70.0,145.0,5.0,5686.0,465.0,2969.0,3629.0,9931.0,899.0,971.0,5552.0,3476.0,2170.0,430,1.0,,1.0,18961.0,27152.0,263507.0,0.0,104015.0,139933.0,27907.0,23953.0,36806.0,156707.0,900303.0,7199.0,3652.0,3781.0,4693.0,13025.0,7121.0,3872.0,5552.0,3719.0,3532.0,6251.0,4636.0,5101.0,5286.0,4171.0,5347.0,3973.0,5370.0,6091.0,5156.0,6.0,4.0,436.0,1024.0,56.0,0.0,3053.0,80.0,265.0,0.0,0.0,176.0,0.0,11.0,10.0,6.0,9.0,11.0,24.0,14.0,22.0,7.0,1.0,0.0,200.0,7623.0,6513.0,5104.0,4724.0,6743.0,4403.0,3841.0,4104.0,8788.0,5012.0,,
29,0.0,0.0,2.0,0.0,2.0,1.0,4.0,3.0,0.0,1.0,9.0,1.0,1.0,1.0,1.0,956.0,1521.0,884.0,1087.0,900.0,1539.0,1497.0,993.0,551.0,690.0,1.0,1.0,0.0,2.0,6.0,2.0,0.0,3.0,3.0,1.0,3.0,1.0,1.0,0.0,0.0,0.0,1915,1637467933457,4111218716,CLASSIC,teambuilder-match-4111218716,1637466017650,MATCHED_GAME,11.23.409.111,0.0,0.0,0.0,30.0,0.0,0.0,0.0,0.0,0.0,30.0,1.0,0.0,,1.0,88.0,0.0,0.0,0.0,4.0,0.0,95.0,0.0,4.0,0.0,0.0,1.0,0.0,1.0,1.0,2.0,3.0,5.0,1.0,5.0,0.0,9.0,11.0,12.0,7.0,8.0,11.0,11.0,10.0,9.0,8.0,190.0,4185.0,1141.0,2000.0,270.0,3539.0,848.0,4164.0,1784.0,2054.0,NA1_4111218716,12.0,118.0,137.0,5.0,68.0,106.0,14.0,80.0,110.0,4.0,2152.0,0.0,0.0,455.0,5722.0,4480.0,7006.0,974.0,4579.0,803.0,430,1.0,,0.0,156808.0,156471.0,146410.0,20217.0,21612.0,262558.0,80550.0,385778.0,8557.0,51907.0,900198.0,2576.0,4185.0,1141.0,2715.0,6046.0,8019.0,8969.0,5138.0,6382.0,3207.0,4606.0,4561.0,5169.0,3447.0,4350.0,5914.0,7197.0,3993.0,6541.0,4590.0,6.0,8.0,234.0,0.0,0.0,260.0,54.0,0.0,1114.0,0.0,18.0,350.0,16.0,3.0,10.0,11.0,13.0,7.0,162.0,1.0,11.0,7.0,26.0,0.0,100.0,5575.0,7677.0,8866.0,3567.0,4415.0,7332.0,7305.0,6594.0,5141.0,4648.0,,
30,1.0,1.0,0.0,1.0,8.0,1.0,7.0,1.0,4.0,1.0,5.0,0.0,1.0,1.0,,923.0,906.0,1399.0,1185.0,498.0,494.0,1336.0,989.0,795.0,650.0,1.0,1.0,0.0,3.0,3.0,3.0,2.0,4.0,3.0,2.0,2.0,2.0,0.0,0.0,0.0,2.0,1928,1637465760166,4111202152,CLASSIC,teambuilder-match-4111202152,1637463831505,MATCHED_GAME,11.23.409.111,0.0,0.0,0.0,30.0,0.0,0.0,0.0,0.0,30.0,0.0,,0.0,2.0,0.0,0.0,0.0,0.0,0.0,4.0,72.0,0.0,0.0,0.0,80.0,0.0,1.0,0.0,2.0,0.0,6.0,3.0,3.0,2.0,3.0,2.0,10.0,10.0,11.0,8.0,8.0,9.0,11.0,8.0,7.0,9.0,973.0,4224.0,2522.0,2208.0,2068.0,495.0,880.0,420.0,2921.0,934.0,NA1_4111202152,118.0,81.0,107.0,30.0,94.0,9.0,115.0,88.0,7.0,5.0,2326.0,299.0,760.0,368.0,10556.0,6644.0,5832.0,6621.0,759.0,3129.0,430,2.0,,0.0,46580.0,228368.0,296878.0,31164.0,825.0,153839.0,68865.0,59412.0,58317.0,90757.0,900219.0,3371.0,4523.0,3556.0,2859.0,12961.0,7557.0,7009.0,7042.0,4107.0,4321.0,5373.0,3781.0,5504.0,4270.0,7408.0,6294.0,6366.0,5239.0,4645.0,5400.0,10.0,4.0,72.0,0.0,273.0,282.0,336.0,417.0,296.0,0.0,426.0,258.0,0.0,12.0,12.0,8.0,27.0,11.0,1.0,19.0,6.0,36.0,2.0,0.0,200.0,6683.0,6969.0,7322.0,4446.0,5022.0,5903.0,7456.0,4577.0,3398.0,6042.0,,
31,1.0,5.0,2.0,2.0,2.0,4.0,8.0,3.0,0.0,8.0,1.0,0.0,2.0,0.0,,1525.0,381.0,1242.0,1243.0,689.0,1200.0,17.0,1081.0,282.0,153.0,4.0,5.0,3.0,4.0,8.0,3.0,6.0,0.0,6.0,6.0,3.0,2.0,1.0,0.0,0.0,0.0,2017,1637463326364,4111044659,CLASSIC,teambuilder-match-4111044659,1637461308811,MATCHED_GAME,11.23.409.111,0.0,0.0,0.0,0.0,0.0,30.0,0.0,0.0,30.0,0.0,,0.0,3.0,3.0,5.0,0.0,91.0,4.0,1.0,0.0,0.0,4.0,0.0,64.0,0.0,3.0,8.0,14.0,3.0,2.0,1.0,0.0,9.0,1.0,4.0,11.0,9.0,11.0,9.0,8.0,8.0,8.0,12.0,8.0,9.0,0.0,518.0,897.0,4946.0,0.0,150.0,3581.0,2011.0,2593.0,294.0,NA1_4111044659,117.0,94.0,12.0,69.0,75.0,23.0,51.0,143.0,19.0,20.0,8229.0,9344.0,11270.0,665.0,4754.0,2293.0,634.0,7952.0,2076.0,4720.0,400,1.0,,1.0,36641.0,60105.0,176487.0,55956.0,13861.0,249445.0,232467.0,108248.0,46941.0,87113.0,900289.0,8690.0,10969.0,14816.0,5612.0,5746.0,2688.0,4215.0,11825.0,4967.0,5220.0,7125.0,6841.0,9556.0,5643.0,4949.0,4535.0,3617.0,10791.0,4932.0,5503.0,9.0,9.0,461.0,1105.0,2647.0,0.0,991.0,244.0,0.0,1861.0,298.0,205.0,0.0,10.0,9.0,9.0,4.0,10.0,39.0,9.0,8.0,15.0,1.0,1.0,200.0,7936.0,5676.0,7850.0,6109.0,4439.0,4146.0,5027.0,9911.0,4345.0,5426.0,2.0,
32,0.0,1.0,2.0,2.0,3.0,4.0,10.0,0.0,2.0,1.0,3.0,1.0,,0.0,,1007.0,64.0,266.0,390.0,2785.0,1521.0,727.0,1058.0,789.0,61.0,3.0,6.0,1.0,2.0,3.0,0.0,5.0,4.0,3.0,4.0,1.0,3.0,0.0,1.0,0.0,0.0,1665,1637457305400,4110790587,CLASSIC,teambuilder-match-4110790587,1637455639958,MATCHED_GAME,11.23.409.111,0.0,0.0,0.0,0.0,0.0,30.0,0.0,0.0,0.0,30.0,,1.0,,2.0,0.0,0.0,64.0,0.0,6.0,0.0,4.0,77.0,0.0,0.0,0.0,2.0,1.0,7.0,3.0,7.0,3.0,2.0,4.0,1.0,1.0,11.0,8.0,11.0,11.0,9.0,9.0,9.0,10.0,10.0,8.0,0.0,634.0,872.0,3792.0,0.0,2944.0,4737.0,309.0,5132.0,1482.0,NA1_4110790587,97.0,102.0,16.0,114.0,107.0,29.0,92.0,22.0,126.0,10.0,3481.0,4785.0,7724.0,289.0,6133.0,2655.0,266.0,5059.0,1547.0,999.0,400,1.0,,1.0,39509.0,36995.0,226052.0,165795.0,31085.0,243295.0,92076.0,96994.0,56955.0,129633.0,900243.0,4149.0,5420.0,8804.0,4082.0,7550.0,5912.0,5004.0,5694.0,7113.0,3036.0,5917.0,5114.0,6981.0,5895.0,7945.0,5921.0,4517.0,6243.0,5439.0,3886.0,2.0,8.0,667.0,0.0,207.0,0.0,1416.0,312.0,0.0,325.0,434.0,554.0,0.0,8.0,5.0,2.0,10.0,9.0,26.0,9.0,76.0,7.0,24.0,1.0,100.0,7375.0,4724.0,7356.0,7655.0,5719.0,5925.0,6066.0,6642.0,7183.0,4357.0,1.0,
33,0.0,5.0,4.0,3.0,3.0,6.0,10.0,6.0,0.0,3.0,4.0,2.0,1.0,2.0,,420.0,2365.0,481.0,618.0,373.0,719.0,961.0,450.0,690.0,1359.0,2.0,2.0,4.0,1.0,5.0,1.0,3.0,3.0,6.0,6.0,5.0,1.0,1.0,0.0,0.0,0.0,2353,1637396932374,4110210833,CLASSIC,teambuilder-match-4110210833,1637394578731,MATCHED_GAME,11.23.409.111,0.0,0.0,0.0,0.0,0.0,30.0,30.0,0.0,0.0,0.0,1.0,0.0,3.0,2.0,0.0,84.0,80.0,0.0,0.0,0.0,0.0,4.0,4.0,0.0,0.0,3.0,6.0,8.0,7.0,2.0,0.0,1.0,4.0,1.0,1.0,11.0,11.0,9.0,11.0,9.0,8.0,8.0,10.0,10.0,8.0,2921.0,5062.0,0.0,6136.0,157.0,3414.0,2466.0,1872.0,1404.0,259.0,NA1_4110210833,126.0,20.0,4.0,121.0,97.0,6.0,5.0,97.0,123.0,94.0,2695.0,1455.0,8223.0,1722.0,6394.0,549.0,707.0,1730.0,3694.0,7980.0,400,2.0,,0.0,232013.0,420635.0,119218.0,23057.0,56050.0,73174.0,19127.0,28213.0,27511.0,25137.0,900372.0,5616.0,7184.0,10347.0,10421.0,6552.0,4079.0,3595.0,4665.0,5099.0,8239.0,6910.0,7255.0,6956.0,7373.0,5373.0,4194.0,4021.0,6150.0,5715.0,5094.0,8.0,9.0,0.0,666.0,2123.0,2561.0,0.0,116.0,421.0,1061.0,0.0,0.0,0.0,7.0,1.0,4.0,14.0,47.0,42.0,32.0,6.0,9.0,12.0,0.0,100.0,8254.0,7513.0,5338.0,7815.0,5902.0,4416.0,4463.0,6484.0,7217.0,4189.0,,
34,1.0,5.0,1.0,7.0,3.0,4.0,10.0,1.0,2.0,2.0,1.0,1.0,,2.0,,982.0,449.0,2163.0,1732.0,366.0,238.0,870.0,424.0,626.0,801.0,4.0,3.0,2.0,0.0,1.0,1.0,2.0,5.0,5.0,7.0,4.0,0.0,0.0,0.0,0.0,0.0,1623,1637394217177,4110136682,CLASSIC,teambuilder-match-4110136682,1637392593698,MATCHED_GAME,11.23.409.111,0.0,30.0,0.0,0.0,0.0,30.0,0.0,0.0,0.0,0.0,,0.0,,1.0,8.0,0.0,72.0,0.0,0.0,0.0,0.0,71.0,0.0,0.0,0.0,6.0,1.0,4.0,6.0,4.0,2.0,3.0,2.0,1.0,1.0,11.0,7.0,9.0,11.0,8.0,8.0,10.0,8.0,9.0,8.0,3172.0,2199.0,1107.0,7862.0,136.0,2375.0,1299.0,391.0,564.0,227.0,NA1_4110136682,88.0,5.0,10.0,127.0,91.0,23.0,123.0,7.0,80.0,99.0,3472.0,621.0,4758.0,563.0,7764.0,727.0,3805.0,3119.0,3772.0,5263.0,400,1.0,,1.0,48928.0,17609.0,289514.0,147830.0,91405.0,32899.0,40104.0,89163.0,44826.0,33803.0,900307.0,8706.0,3058.0,6075.0,8521.0,7900.0,3513.0,5335.0,3621.0,5576.0,5490.0,7077.0,3598.0,6413.0,6968.0,6561.0,4338.0,6695.0,5124.0,4326.0,4756.0,5.0,7.0,2061.0,238.0,210.0,96.0,0.0,410.0,230.0,110.0,1239.0,0.0,0.0,8.0,21.0,12.0,8.0,41.0,28.0,6.0,3.0,5.0,8.0,1.0,100.0,7484.0,3193.0,5982.0,7765.0,4815.0,4308.0,6719.0,4405.0,5486.0,4690.0,,
35,0.0,1.0,2.0,2.0,0.0,2.0,6.0,0.0,1.0,0.0,6.0,2.0,,0.0,,533.0,346.0,22.0,2108.0,110.0,816.0,697.0,514.0,257.0,831.0,2.0,4.0,1.0,1.0,4.0,3.0,1.0,2.0,2.0,2.0,5.0,2.0,0.0,0.0,4.0,0.0,2435,1637405193559,4110252670,CLASSIC,teambuilder-match-4110252670,1637402758055,MATCHED_GAME,11.23.409.111,0.0,30.0,0.0,0.0,0.0,30.0,0.0,0.0,0.0,0.0,,0.0,,2.0,0.0,0.0,87.0,0.0,6.0,0.0,0.0,84.0,0.0,0.0,0.0,1.0,1.0,2.0,3.0,3.0,2.0,1.0,8.0,1.0,0.0,11.0,7.0,9.0,11.0,9.0,8.0,10.0,10.0,10.0,9.0,2418.0,3026.0,3429.0,3866.0,661.0,8097.0,808.0,535.0,5055.0,238.0,NA1_4110252670,120.0,10.0,17.0,107.0,110.0,8.0,94.0,10.0,108.0,79.0,5552.0,324.0,881.0,949.0,5629.0,518.0,2515.0,7982.0,1373.0,3659.0,400,0.0,,1.0,44591.0,84043.0,115449.0,443838.0,106283.0,95082.0,44412.0,253282.0,46301.0,16848.0,900241.0,7970.0,3481.0,4660.0,5516.0,6379.0,8859.0,3323.0,8849.0,6471.0,3898.0,5408.0,3845.0,5947.0,5718.0,6250.0,5891.0,4322.0,7014.0,4967.0,4656.0,4.0,10.0,0.0,130.0,349.0,699.0,88.0,244.0,0.0,331.0,42.0,0.0,0.0,12.0,45.0,5.0,6.0,13.0,43.0,8.0,9.0,15.0,7.0,0.0,100.0,7472.0,3604.0,6089.0,7833.0,5748.0,4917.0,6871.0,6817.0,6718.0,5861.0,1.0,1.0
36,0.0,4.0,8.0,4.0,0.0,0.0,0.0,3.0,3.0,0.0,6.0,0.0,1.0,0.0,,81.0,198.0,1675.0,915.0,387.0,461.0,207.0,781.0,525.0,1284.0,2.0,0.0,4.0,1.0,5.0,4.0,7.0,4.0,1.0,1.0,0.0,5.0,0.0,0.0,0.0,2.0,2064,1637402404274,4110230682,CLASSIC,teambuilder-match-4110230682,1637400340205,MATCHED_GAME,11.23.409.111,0.0,30.0,0.0,0.0,0.0,30.0,0.0,0.0,0.0,0.0,,0.0,2.0,0.0,3.0,0.0,80.0,0.0,2.0,0.0,0.0,61.0,0.0,0.0,0.0,7.0,3.0,4.0,2.0,0.0,0.0,3.0,3.0,1.0,6.0,11.0,9.0,9.0,11.0,8.0,7.0,8.0,8.0,10.0,9.0,1803.0,0.0,321.0,3543.0,845.0,2704.0,743.0,2675.0,2403.0,420.0,NA1_4110230682,113.0,23.0,4.0,132.0,96.0,3.0,59.0,10.0,109.0,122.0,5343.0,3740.0,5843.0,383.0,2329.0,1543.0,5925.0,765.0,98.0,7736.0,400,1.0,,1.0,99405.0,63008.0,134054.0,13552.0,0.0,22378.0,8327.0,24283.0,2975.0,68079.0,900262.0,7146.0,4289.0,6351.0,3926.0,3174.0,4754.0,6668.0,3614.0,2502.0,8156.0,8664.0,5898.0,6500.0,5985.0,4177.0,3636.0,4682.0,5206.0,4985.0,7209.0,10.0,7.0,0.0,548.0,186.0,0.0,0.0,506.0,0.0,173.0,0.0,0.0,0.0,8.0,24.0,5.0,4.0,12.0,27.0,39.0,6.0,9.0,43.0,0.0,200.0,8445.0,5510.0,5683.0,8011.0,4506.0,3298.0,4810.0,4876.0,7121.0,6037.0,1.0,1.0
37,1.0,1.0,2.0,2.0,4.0,5.0,10.0,0.0,4.0,1.0,4.0,1.0,1.0,1.0,,448.0,530.0,2592.0,1094.0,523.0,989.0,702.0,770.0,300.0,544.0,2.0,5.0,1.0,3.0,2.0,2.0,1.0,2.0,4.0,4.0,3.0,2.0,1.0,2.0,0.0,0.0,2350,1637400061722,4110226020,CLASSIC,teambuilder-match-4110226020,1637397711423,MATCHED_GAME,11.23.409.111,0.0,0.0,0.0,0.0,0.0,30.0,0.0,0.0,0.0,30.0,,0.0,1.0,1.0,0.0,0.0,100.0,0.0,0.0,0.0,0.0,84.0,0.0,0.0,0.0,2.0,1.0,3.0,4.0,5.0,2.0,3.0,2.0,2.0,2.0,10.0,8.0,10.0,11.0,9.0,8.0,11.0,10.0,10.0,7.0,771.0,0.0,1867.0,769.0,475.0,5272.0,5787.0,306.0,3853.0,3905.0,NA1_4110226020,108.0,93.0,1.0,109.0,90.0,4.0,103.0,2.0,94.0,4.0,6695.0,3413.0,60.0,7080.0,6792.0,1095.0,136.0,3871.0,1044.0,1152.0,400,1.0,,0.0,92253.0,2311.0,613345.0,45453.0,34519.0,40853.0,26262.0,190134.0,18759.0,24775.0,900310.0,8484.0,3695.0,2091.0,8093.0,7267.0,6885.0,5924.0,4692.0,4897.0,5784.0,5649.0,4730.0,5692.0,6044.0,6373.0,4589.0,5277.0,5535.0,4825.0,4619.0,9.0,6.0,1017.0,281.0,163.0,243.0,0.0,516.0,0.0,514.0,0.0,726.0,0.0,13.0,18.0,11.0,4.0,12.0,26.0,8.0,14.0,16.0,35.0,0.0,200.0,6896.0,4219.0,6421.0,7521.0,5998.0,4848.0,7557.0,6178.0,7191.0,4043.0,,
38,1.0,1.0,8.0,0.0,2.0,4.0,5.0,5.0,1.0,1.0,8.0,1.0,1.0,1.0,3.0,1178.0,1304.0,978.0,1085.0,493.0,452.0,1261.0,1397.0,791.0,2055.0,2.0,2.0,2.0,1.0,3.0,4.0,1.0,1.0,2.0,3.0,3.0,3.0,0.0,0.0,1.0,0.0,2427,1637397364508,4110172020,CLASSIC,teambuilder-match-4110172020,1637394937019,MATCHED_GAME,11.23.409.111,0.0,30.0,0.0,0.0,0.0,30.0,0.0,0.0,0.0,0.0,,0.0,5.0,0.0,0.0,0.0,85.0,0.0,0.0,0.0,0.0,92.0,0.0,0.0,0.0,1.0,1.0,5.0,0.0,2.0,1.0,1.0,6.0,3.0,1.0,10.0,9.0,9.0,10.0,9.0,8.0,11.0,9.0,11.0,8.0,0.0,3173.0,0.0,5169.0,645.0,1877.0,1859.0,5003.0,1874.0,1213.0,NA1_4110172020,97.0,7.0,11.0,111.0,102.0,24.0,113.0,8.0,123.0,93.0,4978.0,798.0,3514.0,1442.0,8389.0,822.0,3164.0,321.0,465.0,5532.0,400,0.0,2.0,0.0,115262.0,29557.0,118573.0,105524.0,19585.0,60998.0,262923.0,93930.0,504725.0,38916.0,900279.0,5333.0,4435.0,5498.0,6774.0,9136.0,2699.0,5023.0,5386.0,2739.0,6945.0,5328.0,5029.0,6428.0,4620.0,5493.0,4077.0,6336.0,6712.0,5811.0,5655.0,11.0,5.0,355.0,464.0,1984.0,162.0,102.0,0.0,0.0,62.0,400.0,200.0,0.0,10.0,38.0,3.0,13.0,8.0,43.0,11.0,75.0,12.0,15.0,0.0,200.0,7093.0,5198.0,5902.0,7230.0,5424.0,4296.0,7723.0,5971.0,7402.0,4990.0,,
